name,category,image,link,ratings,no_of_ratings,discount_price,actual_price
Tec Tavakkal 32 in 1 Interchangeble Multipurpose Mini Screwdriver Set Magnetic Slot Wrench Bits Repair Tools Kit Set Combi...,Hand Tools,https:m.media-amazon.comimagesI41vrQATAo5L._AC_UL320_.jpg,https:www.amazon.inTavakkal-Interchangeable-Screwdriver-Repair-TooldpB07G8KHN7Nref=sr_1_190?qid=1679222813s=industrialsr=1-190,4,"4,736",259,"1,100"
Aegon Professional ACS12V 10mm 12V Reversible Variable Speed Cordless Screwdriver Double Battery with 30 pcs Tool Kit Cord...,Hand Tools,https:m.media-amazon.comimagesI71bKwor1K4L._AC_UL320_.jpg,https:www.amazon.inProfessional-Reversible-Variable-Cordless-ScrewdriverdpB09GKP4HR2ref=sr_1_1003?qid=1679222823s=industrialsr=1-1003,3.6,528,"1,769","2,549"
QOZWEID 2 in 1 Window Cleaning Tool Squeegee Window Cleaner with Bendable Head for Indoor Outdoor High Windows Cleaning,Hand Tools,https:m.media-amazon.comimagesWIMAGERENDERING_521856-T1imagesI61PpqVtpIKL._AC_UL320_.jpg,https:www.amazon.inQOZWEID-Cleaning-Squeegee-Cleaner-BendabledpB0B84R6D7Dref=sr_1_1215?qid=1679222827s=industrialsr=1-1215,4.4,29,469,999
"MADHULI Falcon Heavy-Duty Strapping Packing Tool Kit (Ratchet Tensioner , Crimper , Strap and Clip)",Hand Tools,https:m.media-amazon.comimagesWIMAGERENDERING_521856-T1imagesI4129Ux5qjFL._AC_UL320_.jpg,https:www.amazon.inMADHULI-Heavy-Duty-Strapping-Packing-TensionerdpB07P5NXGHHref=sr_1_1216?qid=1679222827s=industrialsr=1-1216,4.2,877,"1,189","2,599"
HKV 2 in 1 Window Cleaning Tool Squeegee Window Cleaner with Bendable Head for Indoor Outdoor High Windows Cleaning,Hand Tools,https:m.media-amazon.comimagesWIMAGERENDERING_521856-T1imagesI61PpqVtpIKL._AC_UL320_.jpg,https:www.amazon.inHKV-Cleaning-Squeegee-Cleaner-BendabledpB0B4SZD8HQref=sr_1_1396?qid=1679222831s=industrialsr=1-1396,4,106,419,999
Ivaan Heavy Car Cleaning Wash Brush Dusting Tool Large Microfiber Duster (Color May Vary),Hand Tools,https:m.media-amazon.comimagesI511BiGCoBHL._AC_UL320_.jpg,https:www.amazon.inIvaan-Cleaning-Dusting-Microfiber-DusterdpB085HX49D3ref=sr_1_1956?qid=1679222838s=industrialsr=1-1956,3.8,11,429,650
"WOTOFY 3Pcs Nylon Multi-Function Drill Brush Set, Floor Carpet Cleaning Polishing Kitchen Bathroom Cleaning Tool Kit (Mult...",Hand Tools,https:m.media-amazon.comimagesI518ZqJznMQL._AC_UL320_.jpg,https:www.amazon.inWOTOFY-Multi-Function-Cleaning-Polishing-MulticolordpB0B2LR6HM6ref=sr_1_1957?qid=1679222838s=industrialsr=1-1957,3.9,214,399,999
"VIBOTON 110 in 1 Screw driver Tool Set Kit, Screwdriver Set, Tool Kit, Professional Precision Screwdriver Set, Multi-Funct...",Hand Tools,https:m.media-amazon.comimagesI718HG1mrdZL._AC_UL320_.jpg,https:www.amazon.inScrewdriver-110-Professional-Precesion-Multi-FunctiondpB095X9DPDJref=sr_1_1964?qid=1679222838s=industrialsr=1-1964,4.2,60,,"1,999"
Sunkizzrs Square Hole Saw Mortising Chisel Woodworking Tool Woodworking Square Drill Bits Auger Drill Bit-Silver (12.7mm ...,Hand Tools,https:m.media-amazon.comimagesI51t1blR-apL._AC_UL320_.jpg,https:www.amazon.inSunkizzrsC2AE-Woodworking-Bit-Silver-12-7mm-2E280B3dpB09GL169TYref=sr_1_2292?qid=1679222842s=industrialsr=1-2292,3.6,259,,"1,000"
New 2016 Rushed Tools Accessories Mini Drill Proxxon 6pc Hss Mini Circular Saw Blades Cutting Disc Accessories,Hand Tools,https:m.media-amazon.comimagesI51kkh7MOg6L._AC_UL320_.jpg,https:www.amazon.inRushed-Accessories-Proxxon-Circular-CuttingdpB01LZD9FQPref=sr_1_2293?qid=1679222842s=industrialsr=1-2293,3.3,103,,490
artharvaa retail Handheld Carpet Sweeper Table Crumb Cleaning Brush Manual Plastic 4 Roller Cleaner Household Tool for Cle...,Hand Tools,https:m.media-amazon.comimagesI41NhcG65QwL._AC_UL320_.jpg,https:www.amazon.inartharvaa-retail-Handheld-Household-TableclothdpB0BDF2XK6Xref=sr_1_2298?qid=1679222842s=industrialsr=1-2298,3.9,16,,999
"Inditrust Dream 17 Inch (425MM) Heavy Duty Hand Riveter Gun, Riveting Tool Heavy Duty Fast Hitting Rivet Gun with 30 rivets",Hand Tools,https:m.media-amazon.comimagesI611+pdXE+ML._AC_UL320_.jpg,https:www.amazon.inInditrust-Dream-Riveter-Riveting-HittingdpB07QMTFZ6Yref=sr_1_2415?qid=1679222845s=industrialsr=1-2415,4,353,,"1,600"
JCB Tools Heavy Duty Lever Grease Gun with Aluminum Die cast head. Air Release valve on Head. Complete with Rigid Extentio...,Hand Tools,https:m.media-amazon.comimagesI71FEug3jypL._AC_UL320_.jpg,https:www.amazon.inJCB-Tools-Aluminum-Extention-22025930dpB073SB69WNref=sr_1_2423?qid=1679222845s=industrialsr=1-2423,4.1,438,,925
Taparia 803 Steel Two in One Screw Driver (Green and Silver),Hand Tools,https:m.media-amazon.comimagesI312XnvBOyVL._AC_UL320_.jpg,https:www.amazon.inTaparia-803-Steel-Driver-SilverdpB00QRYMO20ref=sr_1_2897?qid=1679222852s=industrialsr=1-2897,3.6,590,58,59
"Generic JMD TOOL Long Combination SpannerWrench Set Tools kit12 Piece Tools kit for Home use - Professional Spanners, Op...",Hand Tools,https:m.media-amazon.comimagesI419RKOX4t1L._AC_UL320_.jpg,https:www.amazon.inCombination-Spanner-Wrench-Set-ToolsdpB09V2SRGFBref=sr_1_2898?qid=1679222852s=industrialsr=1-2898,3.6,11,345,899
AmazonBasics 15-in-1 Magnetic Ratchet Wrench and Screwdriver Set,Hand Tools,https:m.media-amazon.comimagesI71Np28PqtWL._AC_UL320_.jpg,https:www.amazon.inAmazonBasics-Magnetic-Ratchet-Wrench-ScrewdriverdpB07V843VFNref=sr_1_3003?qid=1679222854s=industrialsr=1-3003,4.2,"1,574",419,900
Renva 2pcs Mop and Broom Holder Wall Mount Heavy Duty Broom Holder Wall Mounted or Tool Organizer for Home (Self Adhesive ...,Hand Tools,https:m.media-amazon.comimagesI41CD9SV0PYL._AC_UL320_.jpg,https:www.amazon.inRenva-Holder-Mounted-Organizer-AdhesivedpB09T6NBBZKref=sr_1_3004?qid=1679222854s=industrialsr=1-3004,3.6,101,299,899
TAD SOLID 202 Grade Stainless Steel Spade for Gardening or Digging Heavy Duty Agriculture Tool (Kassi fawda Shovel Hoe).,Hand Tools,https:m.media-amazon.comimagesI513nxbF4uRL._AC_UL320_.jpg,https:www.amazon.inTADSO-LID-Stainless-Gardening-Digging-AgriculturedpB084LDN6Y8ref=sr_1_3015?qid=1679222854s=industrialsr=1-3015,4.2,477,799,"2,499"
"PagKis Rder 608 Mini Torx Screwdriver Allen Key Set with T5, T6, T7, T8, T9, T10, T15, T20 Security Driver Bits (Yellow, S...",Hand Tools,https:m.media-amazon.comimagesI41qYNpCOPbL._AC_UL320_.jpg,https:www.amazon.inPagKis-608-Screwdriver-Security-DriverdpB08R95V5WSref=sr_1_3021?qid=1679222854s=industrialsr=1-3021,4.2,244,,795
Quickty Glass Cleaning Tools 2 in 1 Glass Wiper Cleaning Brush Mirror Grout Tile Cleaner Washing Pot Brush Double-Sided Gl...,Hand Tools,https:m.media-amazon.comimagesWIMAGERENDERING_521856-T1imagesI81L36yfPCPL._AC_UL320_.jpg,https:www.amazon.inQuickty-Cleaning-Double-Sided-Bathroom-MulticolourdpB09LYLQ7WSref=sr_1_3723?qid=1679222864s=industrialsr=1-3723,2.9,49,,899
MHS Stainless Steel Wall Touch Mirror and Glass Holding Fixing Wall Brackets with Screw and Wall Plugs for 5 mm to 6 mm Gl...,Hand Tools,https:m.media-amazon.comimagesWIMAGERENDERING_521856-T1imagesI61mdreXR6FL._AC_UL320_.jpg,https:www.amazon.inMHS-Stainless-Mirror-Holding-BracketsdpB09FXGMRGFref=sr_1_3732?qid=1679222864s=industrialsr=1-3732,3.9,26,,499
"INGCO Lithium-Ion Cordless Screwdriver, Powered Screwdriver LED Rechargeable Handy Drill Screwdriver with 11 pc Accessorie...",Hand Tools,https:m.media-amazon.comimagesWIMAGERENDERING_521856-T1imagesI410DMYS1hBL._AC_UL320_.jpg,https:www.amazon.inLithium-Ion-Cordless-Screwdriver-Rechargeable-AccessoriesdpB09LCL9F64ref=sr_1_3737?qid=1679222864s=industrialsr=1-3737,4,232,932,"1,899"
AGARO Screwdriver and Bit Set with Carry Box- 151 Pieces (Black),Hand Tools,https:m.media-amazon.comimagesI91EsuIvwyEL._AC_UL320_.jpg,https:www.amazon.inAGARO-151pcs-Screwdriver-Bit-CarrydpB08Y6ZMXV6ref=sr_1_4400?qid=1679222873s=industrialsr=1-4400,4.4,104,"1,939","3,499"
ANTIQUE HANDICRAFTS Compact Tool  Classic Bottle Green Color Finish Multi Purpose Tool With Button Cover,Hand Tools,https:m.media-amazon.comimagesI41KwjL2NbEL._AC_UL320_.jpg,https:www.amazon.inANTIQUE-HANDICRAFTS-Compact-Classic-PurposedpB0BPYKZ3GKref=sr_1_4414?qid=1679222873s=industrialsr=1-4414,2.9,7,699,"1,799"
Bosch Pick  Click 44 pcs Mixed Bit Set- Extra Hard Bits for Screwdriving  Nut Driving,Hand Tools,https:m.media-amazon.comimagesWIMAGERENDERING_521856-T1imagesI81EgrO2o0CL._AC_UL320_.jpg,https:www.amazon.inBosch-Click-Mixed-Screwdriving-DrivingdpB083HC9ZF9ref=sr_1_5624?qid=1679222886s=industrialsr=1-5624,4.4,87,"1,695","2,379"
"Homdum Wood 6 inch Combined Mortice tool Marking Tool  woodworking Gauge scale for wood crafting Used Prior to Sawing, Ch...",Hand Tools,https:m.media-amazon.comimagesWIMAGERENDERING_521856-T1imagesI71t42SooJKL._AC_UL320_.jpg,https:www.amazon.inHomdum-woodworking-Chiseling-Carpenters-EngineersdpB08RX8S38Qref=sr_1_5626?qid=1679222886s=industrialsr=1-5626,3.6,107,599,999
"E Royal Shop Screwdriver Sets 32 in 1 For Tool Kit with Flexible Extension Bar  Organizer Case for Laptop, Computer, Pho...",Hand Tools,https:m.media-amazon.comimagesWIMAGERENDERING_521856-T1imagesI51ixu4YHkML._AC_UL320_.jpg,https:www.amazon.inScrewdriver-Flexible-Extension-Organizer-ElectronicdpB07JNHFDM2ref=sr_1_5633?qid=1679222886s=industrialsr=1-5633,3.9,92,219,999
AASONS Multi Angle Triangle Welding Positioner Magnetic Welding Holder Set Fixed Angle Soldering Tools For Fabrication And...,Hand Tools,https:m.media-amazon.comimagesWIMAGERENDERING_521856-T1imagesI41Bss3ETo5S._AC_UL320_.jpg,https:www.amazon.inAASONS-Triangle-Positioner-Soldering-FabricationdpB093HBJP95ref=sr_1_5635?qid=1679222886s=industrialsr=1-5635,3.9,25,,799
Paradise Tools (India) Silk Thread Jewellery Making Pliers and Cutter 3-Pcs. Combo (JK-3-MSF),Hand Tools,https:m.media-amazon.comimagesI71hqjC-te5L._AC_UL320_.jpg,https:www.amazon.inParadise-Tools-Thread-Jewellery-MakingdpB08JQJLRCZref=sr_1_5671?qid=1679222888s=industrialsr=1-5671,3.3,12,249,399
THEMISTO - built with passion RS775 Stand Motor Bracket and Screws for DIY Project- 2 PC,Hand Tools,https:m.media-amazon.comimagesI61SsOqrzRLL._AC_UL320_.jpg,https:www.amazon.inThemisto-Stand-Bracket-Screws-ProjectdpB084BQPHW5ref=sr_1_6632?qid=1679222902s=industrialsr=1-6632,3.9,178,173,299
VISKO Tools Visko S025 6 Pcs DOE Spanner Set  Adjustable Spanner  Multi Tool  Self-Tightening Wrench  Anti Corrosion ...,Hand Tools,https:m.media-amazon.comimagesI51vtvstgBAL._AC_UL320_.jpg,https:www.amazon.inVisko-Tools-S025-Spanner-SilverdpB016OMFJN0ref=sr_1_6636?qid=1679222902s=industrialsr=1-6636,4.1,"1,385",216,620
"Shopper 52.com New 10 millimeters Powerful Drill Machine With 13Pcs Drill Bit Set And Hobby Tool Kit - DRL13BTHOB, Yellow,...",Hand Tools,https:m.media-amazon.comimagesI7178J4AZqgS._AC_UL320_.jpg,https:www.amazon.inshopper-Powerful-Drill-Machine-PiecesdpB07WKDQWSQref=sr_1_6638?qid=1679222902s=industrialsr=1-6638,3.4,131,"1,499","3,999"
STANLEY STHT0-70695 Folding and Locking 14-in-1 Multi-tool,Hand Tools,https:m.media-amazon.comimagesI81xz58h4JtL._AC_UL320_.jpg,https:www.amazon.inSTANLEY-STHT0-70695-Folding-Locking-Multi-tooldpB0095IJWP2ref=sr_1_6659?qid=1679222903s=industrialsr=1-6659,4.4,440,989,"1,499"
"Siron Soldering Iron 60W, Soldering Gun Solder Weld Welding Iron Tool 160-240 V",Hand Tools,https:m.media-amazon.comimagesI416sZzpoW1L._AC_UL320_.jpg,https:www.amazon.inSiron-Soldering-Solder-Welding-160-240dpB01ISW4RMSref=sr_1_7038?qid=1679222909s=industrialsr=1-7038,3.9,250,389,550
"INGCO 26Pcs Screwdriver Bits Set, CR-V, with 1 pcs Pouch, 1 pcs Unique Design Ratchet Holder, 18pcs 65mm Screwdriver Bit, ...",Hand Tools,https:m.media-amazon.comimagesI711ERX6Db9L._AC_UL320_.jpg,https:www.amazon.inScrewdriver-Ratchet-Professional-Electronics-ImprovementdpB0BB6ZJ1WDref=sr_1_7260?qid=1679222913s=industrialsr=1-7260,3.6,7,854,"1,649"
"Tools And Hardware 4 Pcs Wool Felt Buffing Pad Wheel Disc for Polishing Stainless Steel Metal Marble Glass Ceramic, 4 Inch...",Hand Tools,https:m.media-amazon.comimagesI610CFp1oquL._AC_UL320_.jpg,https:www.amazon.inTools-Hardware-Polishing-Stainless-AccessorydpB089F6XRPXref=sr_1_7265?qid=1679222913s=industrialsr=1-7265,3.4,60,279,500
Visko Tools 301 8 Metal Tin Cutter (Blue),Hand Tools,https:m.media-amazon.comimagesI61zcA0nuH-L._AC_UL320_.jpg,https:www.amazon.inVISKO-301-8-Metal-TIN-CutterdpB016OMFQ7Yref=sr_1_7267?qid=1679222913s=industrialsr=1-7267,3.4,200,199,360
"AmazonBasics Screwdriver and Nut Driver Bit Set - 48-Piece, Chrome Vanadium and S2 Steel",Hand Tools,https:m.media-amazon.comimagesI71c8LHflEML._AC_UL320_.jpg,https:www.amazon.inAmazonBasics-Screwdriver-Bit-Set-48-piecedpB07S751RCQref=sr_1_7633?qid=1679222918s=industrialsr=1-7633,3.7,897,988.86,"1,500"
"Victorinox Swiss Army Knife - Spartan - 12 Functions, Multitool - Black, 91 mm (1360330)",Hand Tools,https:m.media-amazon.comimagesI51LySJOpHXL._AC_UL320_.jpg,https:www.amazon.inVictorinox-Spartan-Black-Swiss-1-3603-3dpB000AR79TSref=sr_1_7648?qid=1679222918s=industrialsr=1-7648,4.6,"1,836",,"1,960"
super king tools combination pliers set nose and pliers 2 pies,Hand Tools,https:m.media-amazon.comimagesI71qq0Ms5K6L._AC_UL320_.jpg,https:www.amazon.insuper-king-tools-combination-pliersdpB0B3WX7C3Zref=sr_1_7994?qid=1679222923s=industrialsr=1-7994,,,160,300
"Sauran 22"" Chain for Chainsaw Machine Power  Hand Tool Kit (1 Tools)",Hand Tools,https:m.media-amazon.comimagesI51rFJVp6ZmL._AC_UL320_.jpg,https:www.amazon.inSauran-22-Chain-Chainsaw-MachinedpB09Q2XSGSVref=sr_1_7998?qid=1679222923s=industrialsr=1-7998,3.5,11,271,800
"Visko 807 3 Pc Home Tool Kit (1 Pc 6"" Wire Cutter, 1 Pc 8"" Combination Plier and 1 Pc 8"" Adjustable Wrench)",Hand Tools,https:m.media-amazon.comimagesWIMAGERENDERING_521856-T1imagesI617ypFKPEhL._AC_UL320_.jpg,https:www.amazon.inVisko-807-Home-Multicolour-3-PiecesdpB016OMFVZQref=sr_1_8858?qid=1679222935s=industrialsr=1-8858,3.7,112,422,750
"NUB'S 31 In 1 Screwdriver Tool Set Tool Kit for Mobile, Laptop Repairing  Repair Tool Kit - Multicolour",Hand Tools,https:m.media-amazon.comimagesWIMAGERENDERING_521856-T1imagesI61DbcpCIU2L._AC_UL320_.jpg,https:www.amazon.inScrewdriver-Mobile-Laptop-Repairing-RepairdpB09QYSK1MYref=sr_1_8862?qid=1679222935s=industrialsr=1-8862,,,207,499
River Fox (4 Set) Screw Fastening Type Male and Female DC Power Plug-Connector (4 Male  4 Female),Hand Tools,https:m.media-amazon.comimagesI514HGtt000L._AC_UL320_.jpg,https:www.amazon.inRiver-Screw-Fastening-Female-Plug-ConnectordpB07Y6N8LF1ref=sr_1_9419?qid=1679222944s=industrialsr=1-9419,4.2,412,180.99,499
"H9 6-in-1 Reversible Screwdriver with Hexagon Rod and Extra Hard Tips 3 Bit Screw Driver Set (100mm x 6mm, Flat  PH2 Tip)...",Hand Tools,https:m.media-amazon.comimagesI71CSR4QTIbL._AC_UL320_.jpg,https:www.amazon.inH9-Reversible-Screwdriver-Hexagon-SDK-600dpB09S14NX1Zref=sr_1_9425?qid=1679222944s=industrialsr=1-9425,4.6,10,399,599
"POSH Male to Male VGA Cable 1.5 Meter, Support PCMonitorLCDLED, Plasma, Projector, TFT. VGA to VGA Converter Adapter Cable",Electrical Supplies,https:m.media-amazon.comimagesI41GWPiBQXmL._AC_UL320_.jpg,https:www.amazon.inSupport-Monitor-Projector-Converter-AdapterdpB08GFH7FW2ref=sr_1_171?qid=1679222813s=industrialsr=1-171,3.5,"2,508",88,999
"ZSIGNS 46PCS 14 inch Drive Socket Set,Metric Ratchet Wrench Set with 4-14mm CR-V Sockets,S2 Bits,Extension Bars,Mechanic ...",Electrical Supplies,https:m.media-amazon.comimagesI81UOIOrc8AL._AC_UL320_.jpg,https:www.amazon.inZSIGNS-Ratchet-Extension-Mechanic-HouseholddpB0BC1PMRHRref=sr_1_175?qid=1679222813s=industrialsr=1-175,4.3,965,728,"1,999"
SHAYONAM Leakage Repair Waterproof Tape For Pipe Leakage Roof Water Tape Leakage Solution Aluminium Foil Tape Waterproof A...,Electrical Supplies,https:m.media-amazon.comimagesI71dC2vohXWL._AC_UL320_.jpg,https:www.amazon.inSHAYONAM-Waterproof-Solution-Aluminium-AdhesivedpB09Y98M7P9ref=sr_1_180?qid=1679222813s=industrialsr=1-180,3.8,"1,701",284,299
"SKADIOO 2 Pieces Universal Travel Adapter, Adapter, Travel Adapter, Universal Adapter, Adapter Charger, International Adap...",Electrical Supplies,https:m.media-amazon.comimagesI61CwBNa4exL._AC_UL320_.jpg,https:www.amazon.inSKADIOO-Pieces-Universal-Adapter-InternationaldpB0BTVTT1H7ref=sr_1_181?qid=1679222813s=industrialsr=1-181,4.2,241,370,999
STANLEY STHT36125-812 3 Meter Plastic Short Measuring Tape (Yellow),Electrical Supplies,https:m.media-amazon.comimagesI71SDsLpN4VL._AC_UL320_.jpg,https:www.amazon.inStanley-3m-Measure-Tape-STHT36125-812dpB07D1K7M19ref=sr_1_184_mod_primary_new?qid=1679222813s=industrialsbo=RZvfv2F2FHxDF2BO5021pAnSA3D3Dsr=1-184,4.3,"5,573",85,108
"EMBOX Cube Extension Boards with USB Port with Universal Sockets and USB (2.4 A) Charging Ports (QC 3.0) with Indicator, ...",Electrical Supplies,https:m.media-amazon.comimagesI51KpR7f0R1L._AC_UL320_.jpg,https:www.amazon.inEMBOX-Extension-Universal-Charging-IndicatordpB096Y48N1Pref=sr_1_192?qid=1679222813s=industrialsr=1-192,4.5,"1,270","1,149","1,799"
"Catron 46PCS 14 inch Drive Socket Set, Metric Ratchet Wrench Set with 4-14mm CR-V Sockets, Extension Bars,S2 Bits, Mechan...",Electrical Supplies,https:m.media-amazon.comimagesI81zkP5mzHLL._AC_UL320_.jpg,https:www.amazon.inCatron-Ratchet-Extension-Mechanic-HouseholddpB0BKPYB28Qref=sr_1_987?qid=1679222823s=industrialsr=1-987,4.1,209,699,"1,999"
"Anchor by Panasonic 4 Socket with Single Switch (22048) (4M) 4 Socket Extension Boards  (White, 4 m)",Electrical Supplies,https:m.media-amazon.comimagesI51OZNsq9XwL._AC_UL320_.jpg,https:www.amazon.inAnchor-Panasonic-Guard-Universal-SocketdpB07QYB53XTref=sr_1_988_mod_primary_new?qid=1679222823s=industrialsbo=RZvfv2F2FHxDF2BO5021pAnSA3D3Dsr=1-988,4.4,366,629,732
HI-PLASST PINS N PLUGS Hard PVC 5 to 15 Ampere Converter Socket for Big Size 16 Ampere Plug Top with Universal Sockets for...,Electrical Supplies,https:m.media-amazon.comimagesI41XiD1ncdrL._AC_UL320_.jpg,https:www.amazon.inHI-PLASST-PINS-PLUGS-International-BlackdpB09Q68KJ2Wref=sr_1_1000?qid=1679222823s=industrialsr=1-1000,4.1,84,199,999
"3M Hi Strength Bond Tape (12 mm x 5 m  Primer, Grey)",Electrical Supplies,https:m.media-amazon.comimagesWIMAGERENDERING_521856-T1imagesI61rFUcVykKL._AC_UL320_.jpg,https:www.amazon.in12mm-5mtr-High-StrengthBondingTape-GreydpB079S1FVSZref=sr_1_1202?qid=1679222827s=industrialsr=1-1202,4.2,236,337,406
zhart Vernier Caliper Digital 150 mm6-Inches LCD Display,Electrical Supplies,https:m.media-amazon.comimagesWIMAGERENDERING_521856-T1imagesI419gGmos5eL._AC_UL320_.jpg,https:www.amazon.inzhart-Vernier-Caliper-Digital-6-InchesdpB07B2JJR42ref=sr_1_1203?qid=1679222827s=industrialsr=1-1203,4.1,"2,104","1,139","1,999"
Pinolex Drip Irrigation Water Timer Digital Controller Fully Automatic Adapters Batteries Included Child Lock Feature Pro...,Electrical Supplies,https:m.media-amazon.comimagesWIMAGERENDERING_521856-T1imagesI61qbrygJVKL._AC_UL320_.jpg,https:www.amazon.inPinolexC2AE-Irrigation-Controller-Automatic-BatteriesdpB08KL3H564ref=sr_1_1219?qid=1679222827s=industrialsr=1-1219,4.2,281,"2,564","4,599"
"Catron 46 In 1 Pcs Tool Kit  Hand Tool Kit Wrench Set Multi Purpose Combination Tool Case Precision Socket Set,Screwdrive...",Electrical Supplies,https:m.media-amazon.comimagesWIMAGERENDERING_521856-T1imagesI81zkP5mzHLL._AC_UL320_.jpg,https:www.amazon.inCatron-Purpose-Combination-Precision-ScrewdriverdpB0BSBXH1YRref=sr_1_1222?qid=1679222827s=industrialsr=1-1222,4.4,6,649,"1,999"
"JINI COLLECTION Waterproof Aluminium Rubber Tape for Leakage Repair, Hot  Cold Temperature Aluminium Foil Tape, Perfect f...",Electrical Supplies,https:m.media-amazon.comimagesWIMAGERENDERING_521856-T1imagesI61KG+Q7713L._AC_UL320_.jpg,https:www.amazon.inJINI-COLLECTION-Waterproof-Temperature-ABdpB0BNPXX6YKref=sr_1_1350?qid=1679222829s=industrialsr=1-1350,3.9,62,,332
BlueRigger High Speed HDMI to DVI Adapter Cable (3 Feet  0.9 Meter),Electrical Supplies,https:m.media-amazon.comimagesWIMAGERENDERING_521856-T1imagesI81NGgAeWclS._AC_UL320_.jpg,https:www.amazon.inBlueRigger-Speed-Adapter-Cable-MeterdpB009W8EWOGref=sr_1_1360?qid=1679222829s=industrialsr=1-1360,4.1,"4,068",449,"1,599"
FREEMANS NEXA 5m:19mm Steel Inchi Measuring Tape with Double-sided Printing and Belt Clip,Electrical Supplies,https:m.media-amazon.comimagesWIMAGERENDERING_521856-T1imagesI71RnOpG-KXL._AC_UL320_.jpg,https:www.amazon.inFREEMANS-NEXA-5m-Measuring-Double-sideddpB09ZYM842Bref=sr_1_1411?qid=1679222831s=industrialsr=1-1411,4.3,379,52,144
"LIRAMARK 30W USB-C Female to Lightning Cable Adapter, Type-C to 8 Pin Male PD Fast Charging Converter Cord Data Sync Conne...",Electrical Supplies,https:m.media-amazon.comimagesWIMAGERENDERING_521856-T1imagesI51tv7nfFGBL._AC_UL320_.jpg,https:www.amazon.inLIRAMARK-Lightning-Charging-Converter-ConnectordpB0BFCQWRM8ref=sr_1_1412?qid=1679222831s=industrialsr=1-1412,2.9,46,104,149
ETI Floor Marking Tape 48mmx25metres Yellow Black Zebra,Electrical Supplies,https:m.media-amazon.comimagesI414QSv+OS2L._AC_UL320_.jpg,https:www.amazon.inETI-Floor-Marking-48mmx25metres-YellowdpB01M72WK9Rref=sr_1_1950?qid=1679222838s=industrialsr=1-1950,4.1,668,145,199
rts Worldwide Universal Travel Adapter Type C USB C to USB  International All in One Worldwide Universal Travel Adapters...,Electrical Supplies,https:m.media-amazon.comimagesI51qgU5BS0PL._AC_UL320_.jpg,https:www.amazon.inrts-Worldwide-Universal-International-AdaptersdpB0BMQDMM63ref=sr_1_2294?qid=1679222842s=industrialsr=1-2294,4.3,24,"1,099","4,999"
"Techline HDMI to VGA Adapter Cable 1080P for Projector, Computer, Laptop, TV, Projectors  TV.",Electrical Supplies,https:m.media-amazon.comimagesI31AODRCTRZL._AC_UL320_.jpg,https:www.amazon.inTechline-Adapter-Projector-Computer-ProjectorsdpB0BPY3N7PHref=sr_1_2412?qid=1679222845s=industrialsr=1-2412,5,1,249,999
Stolenband 3 Way Socket Plug Adapter Universal Input Plug with Individual Switches and Led Indicator 10 Amps - Accepts Ro...,Electrical Supplies,https:m.media-amazon.comimagesI31kwCnireIL._AC_UL320_.jpg,https:www.amazon.inStolenbandC2AE-Universal-Individual-Switches-IndicatordpB09V1BV1ZKref=sr_1_2414?qid=1679222845s=industrialsr=1-2414,4.3,120,,393
Dr Care Wall Mounted Height Measuring Scale for School  Clinics Measurement Tape (2 Metric) Measurement Tape (2 m),Electrical Supplies,https:m.media-amazon.comimagesI51DKEYIsfQL._AC_UL320_.jpg,https:www.amazon.inDr-Care-Mounted-Measuring-MeasurementdpB09CKQFXCWref=sr_1_2421?qid=1679222845s=industrialsr=1-2421,3.9,27,299,599
Sellify Stretchable Self-adhesive BIO-degradable Grafting Tape (2.5cmx100m),Electrical Supplies,https:m.media-amazon.comimagesWIMAGERENDERING_521856-T1imagesI51pUS3rBLiL._AC_UL320_.jpg,https:www.amazon.inSellify-Stretchable-Self-adhesive-BIO-degradable-2-5cmx100mdpB06ZZ7KL9Cref=sr_1_2571?qid=1679222848s=industrialsr=1-2571,4,40,130,199
"Lukzer 1PC HDMI to VGA Adapter with 3.5mm Audio Cable for Projector, Computer, Laptop (Male to Female Convertor) Gold-Plat...",Electrical Supplies,https:m.media-amazon.comimagesI61YVRMe5XeL._AC_UL320_.jpg,https:www.amazon.inLukzer-Projector-Computer-Convertor-Gold-PlateddpB09MB5ZKTJref=sr_1_2885?qid=1679222852s=industrialsr=1-2885,3,8,208,699
OMEGA butyl adhesive aluminium waterproof heavy duty leakage repair flashing tape for roof water tank pipe leakage sealing...,Electrical Supplies,https:m.media-amazon.comimagesI41mRLOiOS5L._AC_UL320_.jpg,https:www.amazon.inOMEGA-adhesive-aluminium-waterproof-flashingdpB0BN1DWJ4Kref=sr_1_2896?qid=1679222852s=industrialsr=1-2896,3.8,156,185,"1,695"
Radium Tape Night Glow in Dark Tape 12mm (0.5 Inch) Width. X 05 Meters Length. Luminous Tape Self-Adhesive Tape Night Visi...,Electrical Supplies,https:m.media-amazon.comimagesWIMAGERENDERING_521856-T1imagesI41sdquMq0hL._AC_UL320_.jpg,https:www.amazon.inLength-Luminous-Self-Adhesive-Security-DecorationdpB09YTQG423ref=sr_1_3735?qid=1679222864s=industrialsr=1-3735,3.1,68,169,349
Extension Board Heavy Duty Cable 10 Meter Wire with 6 Anchor Socket and 1 Anchor Switch and 1 Indicator with 3 Pin Plug Se...,Electrical Supplies,https:m.media-amazon.comimagesI41BBRl1H-4L._AC_UL320_.jpg,https:www.amazon.inExtension-Anchor-Socket-Switch-IndicatordpB09GXKZFDHref=sr_1_5678?qid=1679222888s=industrialsr=1-5678,4,40,899,"1,599"
"ESAW Vernier Caliper Screw Gauge Set, 125mm Caliper and 25mm Micrometer Gauge (Combo)",Electrical Supplies,https:m.media-amazon.comimagesI71jrLp--VML._AC_UL320_.jpg,https:www.amazon.inESAW-Vernier-Caliper-Screw-MicrometerdpB0B94LVXB4ref=sr_1_6231?qid=1679222896s=industrialsr=1-6231,4.2,6,449,999
Crotomak 3U Rack - DVR RackCCTV RackNVR RackServer RackNetwork Rack with 3 Power Plug Socket - Transparent Glass Door...,Electrical Supplies,https:m.media-amazon.comimagesI71qeBV3BWFL._AC_UL320_.jpg,https:www.amazon.inCrotomakC2AE-3U-Rack-Network-TransparentdpB07WN95FSDref=sr_1_6233?qid=1679222896s=industrialsr=1-6233,3.9,392,"1,769","4,299"
"AmazonBasics Double Braided Nylon USB Type-C to Type-A 3.1 Gen 2 Cable for Charging Adapter (Dark Grey, 3 Feet, 0.9 Meters)",Electrical Supplies,https:m.media-amazon.comimagesI71sTmhPmgtL._AC_UL320_.jpg,https:www.amazon.inAmazonBasics-Double-Braided-Nylon-Type-CdpB07D7S93DDref=sr_1_6234?qid=1679222896s=industrialsr=1-6234,4.3,"2,380",579,"1,400"
LS LAPSTER Quality Assured Mini HDMI Male to HDMI Female Adapter Converter Plug (Black) (LST-HDMI-MINIMALE2HDMIF-A),Electrical Supplies,https:m.media-amazon.comimagesI510z9117VVL._AC_UL320_.jpg,https:www.amazon.inLapster-Female-Adapter-Converter-BlackdpB08PPHHK7Yref=sr_1_6237?qid=1679222896s=industrialsr=1-6237,4,177,160,999
"Connecticut Non Adhesive Hook  Loop Tape  Non Adhesive Tape (5Meter*25mm, White Color) No Glue on Back side, Non-Adhesi...",Electrical Supplies,https:m.media-amazon.comimagesI51mDL+NtRzL._AC_UL320_.jpg,https:www.amazon.inConnecticut-Interlocking-Hook-Loop-WhitedpB09G3L68DKref=sr_1_6626?qid=1679222902s=industrialsr=1-6626,3.8,47,118,449
STANLEY 1-88-753 Chrome Vanadium Steel 6 Point Standard Socket 12 inch 32 mm Silver,Electrical Supplies,https:m.media-amazon.comimagesI51TIb2mRopL._AC_UL320_.jpg,https:www.amazon.inStanley-Square-Points-Metric-SocketdpB07FSJYZGQref=sr_1_6630?qid=1679222902s=industrialsr=1-6630,4.5,885,227,238
"Kixre 1PC 2"" Self-Adhesive Silver Heat Reflective Tape, Fiber-Glass Aluminum Foil Tape, Heat Jacketing Insulation Resistan...",Electrical Supplies,https:m.media-amazon.comimagesI51TL8lXnliL._AC_UL320_.jpg,https:www.amazon.inKixre-Self-Adhesive-Reflective-Fiber-Glass-TemperaturedpB09GLYN85Rref=sr_1_6644?qid=1679222902s=industrialsr=1-6644,3.9,11,349,799
Bapna White Foam Gasket Tape for Doors  Windows 15 Mm Width x 6 Mm Thickness x 5 Meter Length,Electrical Supplies,https:m.media-amazon.comimagesI31V3Evwi7uL._AC_UL320_.jpg,https:www.amazon.inWhite-Gasket-Windows-Thickness-LengthdpB0966Q7SMHref=sr_1_6648?qid=1679222902s=industrialsr=1-6648,4,15,245,500
"Universal Plug 2 Socket with 3 Switch 2 USB Hanging Extension BoardBox Heavy Duty Copper Clips Can Be Used in TV, Home Th...",Electrical Supplies,https:m.media-amazon.comimagesI41Q+w8QoSWS._AC_UL320_.jpg,https:www.amazon.inUniversal-Hanging-Extension-Printers-ComputerdpB0BFQHCXW5ref=sr_1_6650?qid=1679222903s=industrialsr=1-6650,3.8,29,349,899
Glun Leakage Repair Waterproof Tape for Pipe Leakage Solution Aluminum Foil Tape Adhesive Tape Sealing Butyl Rubber Tape ...,Electrical Supplies,https:m.media-amazon.comimagesI61XgBQHy21L._AC_UL320_.jpg,https:www.amazon.inWaterproof-Tape-Solution-Aluminum-AdhesivedpB0BJDM9VFVref=sr_1_6652?qid=1679222903s=industrialsr=1-6652,,1,99,499
"SKY BLUE Enterprises Combo of Plier, 2in1 Screwdriver, Line Tester, Electrical Tape, Wire Cutter Hand Tool Kit - 5 Tools, ...",Electrical Supplies,https:m.media-amazon.comimagesI61mv-TgLhmS._AC_UL320_.jpg,https:www.amazon.inEVEREADY-Screwdriver-Tester-Electrical-CutterdpB09377VJ44ref=sr_1_6653?qid=1679222903s=industrialsr=1-6653,4.2,70,320,699
FREEMANS Steel Top Line 30 m Measuring Tape (Grey),Electrical Supplies,https:m.media-amazon.comimagesI61Djd5D5hDL._AC_UL320_.jpg,https:www.amazon.inFreemans-TN30-Steel-Top-LinedpB010M5GJR0ref=sr_1_6655?qid=1679222903s=industrialsr=1-6655,4.1,291,507,950
SHREEJIIH 8 sockets with 10 M Long Cable Electricals Surge Protection Extension Board White,Electrical Supplies,https:m.media-amazon.comimagesI51jTRtt4ZzL._AC_UL320_.jpg,https:www.amazon.inSHREEJIIH-sockets-Electricals-Protection-ExtensiondpB07Y1DFJ4Zref=sr_1_6657?qid=1679222903s=industrialsr=1-6657,3.3,104,499,700
Krisstop Fulfilled By Light House Plastic 430-450V 3 Phase IP 44 32A 5 Pin Industrial Plug and Socket Top,Electrical Supplies,https:m.media-amazon.comimagesI61A6HyQw6tL._AC_UL320_.jpg,https:www.amazon.inKrisstop-Fulfilled-430-450V-32A-IndustrialdpB0053I09S2ref=sr_1_6668?qid=1679222903s=industrialsr=1-6668,3.4,25,490,799
"ETIPL GREEN FINE LINE MASKING TAPE (1Roll, 6mmX55mtr)",Electrical Supplies,https:m.media-amazon.comimagesI41FJZ20DAbL._AC_UL320_.jpg,https:www.amazon.inETIPL-GREEN-MASKING-1Roll-6mmX55mtrdpB08DMXS9PTref=sr_1_7046?qid=1679222909s=industrialsr=1-7046,4.3,10,310,"12,400"
HARIKRUPEX 6 Socket Switch Board Extension Cord with 10m Long Wire,Electrical Supplies,https:m.media-amazon.comimagesI31zO4osCucL._AC_UL320_.jpg,https:www.amazon.inHARIKRUPEX-Socket-Switch-Board-ExtensiondpB08M8VTKQJref=sr_1_7256?qid=1679222913s=industrialsr=1-7256,3,168,480,"1,299"
"ESAW Vernier Caliper Brass with Fine Wheel Adjustment 125mm, 12.5cm, 5 inches for Inside, Outside and Depth Jaws for Measu...",Electrical Supplies,https:m.media-amazon.comimagesI71GXyldQ4BL._AC_UL320_.jpg,https:www.amazon.inESAW-Vernier-Caliper-Adjustment-MeasurementdpB0B94HMPKHref=sr_1_7266?qid=1679222913s=industrialsr=1-7266,3.5,3,549,999
"Tizum Fast Charging Extension Board Cord with USB Ports for Office  Home  Spike Guard Power Strip  8 Sockets, 2 USB, ...",Electrical Supplies,https:m.media-amazon.comimagesI51wr5H7qQHL._AC_UL320_.jpg,https:www.amazon.inUSB-PD-QC-Over-Voltage-ProtectiondpB0B77JSJGPref=sr_1_7269?qid=1679222913s=industrialsr=1-7269,3.9,97,"1,599","3,799"
Bapna Brown Adhesive Carton packing High strength Tape 48 mm x 130 mtr roll,Electrical Supplies,https:m.media-amazon.comimagesI21z5b+uvkLL._AC_UL320_.jpg,https:www.amazon.inBapna-Adhesive-Carton-packing-strengthdpB01N0RQAZYref=sr_1_7634?qid=1679222918s=industrialsr=1-7634,4.2,85,185,250
Taparia S23MS23H 12-Inch Square Drive Socket Set,Electrical Supplies,https:m.media-amazon.comimagesI71IW1w0LgUL._AC_UL320_.jpg,https:www.amazon.inTaparia-S23M-S23H-2-Inch-SquaredpB00P66WELQref=sr_1_7640?qid=1679222918s=industrialsr=1-7640,4.3,559,,"2,195"
"Anchor by Panasonic 6A Flexi Cord 3 Pin 4 Mtr Universal Socket With Indicator (Blue  White), Round",Electrical Supplies,https:m.media-amazon.comimagesI71SlypGe-ML._AC_UL320_.jpg,https:www.amazon.inAnchor-Panasonic-6A-Flexi-corddpB08MXG4C4Kref=sr_1_7645?qid=1679222918s=industrialsr=1-7645,4.2,28,501,534
"Digway 3 pin Multi Plug Point  Cordless Wall Socket, Universal Sockets and 1 Switches (Pack of 2)",Electrical Supplies,https:m.media-amazon.comimagesI611nY2TIy8L._AC_UL320_.jpg,https:www.amazon.inDigway-Cordless-Universal-Sockets-SwitchesdpB0BN8M5K8Bref=sr_1_8007?qid=1679222923s=industrialsr=1-8007,,,199,499
"Vadda Bai 3 Pin (Type D) Travel Adapter Plug Traveller Conversion Plug Usable with Convert (USA, UK, Japan, Europe  Mor...",Electrical Supplies,https:m.media-amazon.comimagesI51u1h76Dp3L._AC_UL320_.jpg,https:www.amazon.inUniversal-Conversion-Compatible-Multiple-CountriesdpB076P9B7DYref=sr_1_8015?qid=1679222923s=industrialsr=1-8015,4,51,199,249
ALTASTA Tool Kit Tool Kit for Home Use Tools Kit Spanner Set Socket Set Wrench Set Tools Set Hand Tools Bike Tool Kit Set ...,Electrical Supplies,https:m.media-amazon.comimagesI81j7Q4PI0DL._AC_UL320_.jpg,https:www.amazon.inALTASTA-Tool-Kit-Spanner-SocketdpB0B82W8MMPref=sr_1_8282?qid=1679222927s=industrialsr=1-8282,3.7,22,699,"1,299"
Hunar Reptile Basking Infrared Light UVAUVB Heat Lamp E27 Socket Base Heating Bulb for Bird Lizard Turtle Snake Habitat (...,Electrical Supplies,https:m.media-amazon.comimagesI61ny5SeaZEL._AC_UL320_.jpg,https:www.amazon.inHunar-Reptile-Basking-Infrared-HeatingdpB08XLWVM54ref=sr_1_8284?qid=1679222927s=industrialsr=1-8284,3.2,10,538,"1,899"
Inditrust Professional Tools T Spanner Socket Type T Shaped Handle Wrench Spanner 12 Pcs socket Multipurpose 8mm - 19mm 1...,Electrical Supplies,https:m.media-amazon.comimagesI61Wm3s1P8mL._AC_UL320_.jpg,https:www.amazon.inInditrust-Professional-Spanner-Socket-MultipurposedpB09C7X8RZPref=sr_1_8285?qid=1679222927s=industrialsr=1-8285,4.3,69,920,"2,000"
New Era's Protector Compound Rubber Tape  Self-Adhesive  Waterproof  Water Seal Tape  Best for Insulation Cable of Sub...,Electrical Supplies,https:m.media-amazon.comimagesI81dT6XdLPNL._AC_UL320_.jpg,https:www.amazon.inNew-Eras-Compound-Rubber-Self-AdhesivedpB09XV12R2Xref=sr_1_8793?qid=1679222933s=industrialsr=1-8793,3.6,4,,"3,250"
Plantex Pure Brass LEA-703 Single Lever Pillar CockBathroom Wash Basin TapWater Faucet for Kitchen Sink with Teflon Tape...,Electrical Supplies,https:m.media-amazon.comimagesI61QMZ7mpKtL._AC_UL320_.jpg,https:www.amazon.inPlantex-Pillar-Single-Kitchen-LEA-703dpB093GVJPX3ref=sr_1_8799?qid=1679222933s=industrialsr=1-8799,3.6,4,,"2,449"
"A1 Gadgets Male to Female 2.1mm x 5.5mm DC Extension Wire Power Jack Adapter Barrel Plug Cable, Extension Wire for CCTV Se...",Electrical Supplies,https:m.media-amazon.comimagesI413FqRdWQJL._AC_UL320_.jpg,https:www.amazon.inA1-Gadgets-Extension-Adapter-SecuritydpB09CDPTL38ref=sr_1_8802?qid=1679222933s=industrialsr=1-8802,4.3,139,,"1,499"
"Hi-PLASST (1Pc) TYPE G Plug , Universal UK adapter plug Flat 3 Pin Travel Power Plug Adapter (Pack of 1) complatible in uk...",Electrical Supplies,https:m.media-amazon.comimagesI51uAHS7pr3L._AC_UL320_.jpg,https:www.amazon.inHi-Plast-Tuscan-Universal-Travel-AdapterdpB0798JYLJMref=sr_1_8807?qid=1679222933s=industrialsr=1-8807,4,28,,399
T Teclusive Ldnio 2500W 10A Smart WiFi Extension Power Strip with Type C USB Ports  3 Power Sockets with 30W Type C PD QC...,Electrical Supplies,https:m.media-amazon.comimagesWIMAGERENDERING_521856-T1imagesI41+KG83HRvL._AC_UL320_.jpg,https:www.amazon.inTeclusive-Ldnio-Extension-Sockets-ControldpB0BHH552T5ref=sr_1_8857?qid=1679222935s=industrialsr=1-8857,3.8,5,,"4,999"
"H9 SDS Plus Drill Socket Converter Adaptor Bit to Nut Runner 14"" 38"" 12"" For Hammer Drill Bit Adapter Nut Impact Driver",Electrical Supplies,https:m.media-amazon.comimagesWIMAGERENDERING_521856-T1imagesI418zXwJtaCL._AC_UL320_.jpg,https:www.amazon.inH9-Socket-Converter-Adaptor-AdapterdpB0BMWSFRQ1ref=sr_1_8876?qid=1679222935s=industrialsr=1-8876,,,,"1,999"
"Stanley Measuring Tapes Covered with Metal Coating (5 m X 19 mm, Yellow)",Electrical Supplies,https:m.media-amazon.comimagesWIMAGERENDERING_521856-T1imagesI51i0ey-NNfL._AC_UL320_.jpg,https:www.amazon.inStanley-Measuring-Tapes-19dpB07XGQGZBWref=sr_1_8880_mod_primary_new?qid=1679222935s=industrialsbo=RZvfv2F2FHxDF2BO5021pAnSA3D3Dsr=1-8880,4.4,180,,135
Orange Extra Strong Adhesive Packing  Shipping Tape 48 MM X 65 MM.Pack of 3 Pcs,Electrical Supplies,https:m.media-amazon.comimagesI31eC2P9kRnL._AC_UL320_.jpg,https:www.amazon.inOrange-Snapdeal-Adhesive-Packing-ShippingdpB082P1WSV2ref=sr_1_9417?qid=1679222944s=industrialsr=1-9417,3.5,22,,330
"3M Safety Goggles Model 1621, Polycarbonate, Protects From Chemical Splashes, Clear Lens, Hardcoat, Transparent Goggles, M...",Safety Supplies,https:m.media-amazon.comimagesI51q8iD51IBL._AC_UL320_.jpg,https:www.amazon.in3M-Polycarbonate-Safety-Goggles-ChemicaldpB00RJ57UPMref=sr_1_183?qid=1679222813s=industrialsr=1-183,4,"6,730",,"1,150"
"EMBOX Extension Board 6 Socket with 6 Individual Switch 10A, 2500w with Overload Protection, Safety Shutter and Indicator,...",Safety Supplies,https:m.media-amazon.comimagesWIMAGERENDERING_521856-T1imagesI516ttgznkCS._AC_UL320_.jpg,https:www.amazon.inEMBOX-Extension-Individual-Protection-Indicator-ExtensiondpB096P5FJVHref=sr_1_1362?qid=1679222829s=industrialsr=1-1362,4.4,233,,"1,799"
Safety Products SP Latex Medical Examination Disposable Powdered Hand Gloves -100 Pieces (Large),Safety Supplies,https:m.media-amazon.comimagesI51on4Zp2wEL._AC_UL320_.jpg,https:www.amazon.inSafety-Products-Latex-Gloves-PowderddpB075WV5BNDref=sr_1_2424?qid=1679222845s=industrialsr=1-2424,3.3,69,,675
"TruTuff Men Safety Shoes - Light Weight, Anti Smash Steel Toe, Puncture Resistant Kevlar Midsole, Anti Skid Protection",Safety Supplies,https:m.media-amazon.comimagesWIMAGERENDERING_521856-T1imagesI61zVkh904LL._AC_UL320_.jpg,https:www.amazon.inTruTuff-Industrial-Macho-Resistant-ConstructiondpB0B5XZC5ZFref=sr_1_2585?qid=1679222848s=industrialsr=1-2585,4.1,122,,"4,990"
Karam Leather Safety Black Shoes FS-05 - Size 9,Safety Supplies,https:m.media-amazon.comimagesI61QMoy7PJ7L._AC_UL320_.jpg,https:www.amazon.inKaram-FS-05-Safety-Shoes-SizedpB06X9F16FCref=sr_1_2891?qid=1679222852s=industrialsr=1-2891,4.1,218,,"2,403"
"Difar Polypropylene Nylon Full Body Safety Belt Harness (Single Hook  Single Rope , Multicolour )",Safety Supplies,https:m.media-amazon.comimagesI419M-1mENCL._AC_UL320_.jpg,https:www.amazon.inGeneric-Difar-Safety-Harness-SingledpB07FC17KY2ref=sr_1_3002?qid=1679222854s=industrialsr=1-3002,3.7,212,,800
"TruTuff Men Safety Shoes - Light Weight, Anti Smash Steel Toe, Puncture Resistant Kevlar Midsole, Anti Skid Protection",Safety Supplies,https:m.media-amazon.comimagesWIMAGERENDERING_521856-T1imagesI61CyDhhFvbL._AC_UL320_.jpg,https:www.amazon.inTruTuff-Industrial-Bold-Puncture-ResistantdpB0B5XXBDYYref=sr_1_3730?qid=1679222864s=industrialsr=1-3730,4.2,126,,"4,990"
"CAREXO 240 Volts 8  1 Mini Power Strip Extension CordBoard with 1 Switch, Indicator, Safety Fuse  8 International socke...",Safety Supplies,https:m.media-amazon.comimagesI61-Q+E1E0vL._AC_UL320_.jpg,https:www.amazon.inCAREXO-Extension-Indicator-International-socketsdpB0BHP3G522ref=sr_1_4398?qid=1679222873s=industrialsr=1-4398,4,12,149,599
"MAHSON High Visibility Protective Safety Reflective Vest Belt Jacket, Night Cycling Reflector Strips Cross Belt Stripes Ad...",Safety Supplies,https:m.media-amazon.comimagesI5164x22YPDL._AC_UL320_.jpg,https:www.amazon.inMAHSON-Visibility-Protective-Reflective-AdjustabledpB09X5L8KDNref=sr_1_4406?qid=1679222873s=industrialsr=1-4406,4.3,83,199,499
Hand Safety Split Cowhide Leather Palm Work Glove Yellow,Safety Supplies,https:m.media-amazon.comimagesWIMAGERENDERING_521856-T1imagesI51BFtn9DsGL._AC_UL320_.jpg,https:www.amazon.inHAND-SAFETY-COWHIDE-LEATHER-YELLOWdpB088JX9B6Xref=sr_1_5617?qid=1679222886s=industrialsr=1-5617,3.5,61,399,"2,999"
Air Bubble Wrap  Packing Roll for Safety  Multipurpose Packing Material  1 Meter Wide (10M 40GSM),Safety Supplies,https:m.media-amazon.comimagesI71dFiwJXxzL._AC_UL320_.jpg,https:www.amazon.inDESERT-QUEEN-Packing-Multipurpose-MaterialdpB09L6XKQFMref=sr_1_5670?qid=1679222888s=industrialsr=1-5670,4,24,399,699
Laser Light Protection Safety Eye Patch Glasses (Black),Safety Supplies,https:m.media-amazon.comimagesI21iexXe-NhL._AC_UL320_.jpg,https:www.amazon.inGeneric-Eyepatch-Glasses-Protection-GogglesdpB07GRQGMZRref=sr_1_6228?qid=1679222896s=industrialsr=1-6228,4,37,545,999
K A R A M ISI Certified Safety Gloves ProKut Multi Purpose Polyester with Black Latex Crinkle Coating GloveSafety Gloves ...,Safety Supplies,https:m.media-amazon.comimagesI71h0QN77ddL._AC_UL320_.jpg,https:www.amazon.inKaram-White-Supported-Gloves-HS31dpB07Z5D1DRXref=sr_1_6232?qid=1679222896s=industrialsr=1-6232,3.9,59,96,101.5
"THUNDERSTORM Safety Goggles Eye Protection Glasses for Riding Bikes, Cycling and Driving with UV Protection Sunglasses fo...",Safety Supplies,https:m.media-amazon.comimagesI51j2X4WotwL._AC_UL320_.jpg,https:www.amazon.inTHUNDERSTORMC2AE-Premium-Driving-Protection-SunglassesdpB09VC82CHLref=sr_1_7041?qid=1679222909s=industrialsr=1-7041,3.5,8,299,499
"MINSALES� High Visibility Reflective Safety Zipper Polyester Fabric Jacket with 2 Pockets (2"" Grey Reflector)",Safety Supplies,https:m.media-amazon.comimagesI41JdnkKMjtL._AC_UL320_.jpg,https:www.amazon.inMINSALESTM-Visibility-Reflective-Polyester-ReflectordpB09S6M4BQQref=sr_1_7270?qid=1679222913s=industrialsr=1-7270,3,28,289,999
Atlas BS EN 388 and BS EN 374 Certified Nitrile Chemical Safety Gloves,Safety Supplies,https:m.media-amazon.comimagesI31vuQfJmc8L._AC_UL320_.jpg,https:www.amazon.inAtlas-Certified-Nitrile-Chemical-SafetydpB016GGH8OWref=sr_1_8288?qid=1679222927s=industrialsr=1-8288,3.9,536,180,250
"JONTY Luxuria Clear Bike Riding Eye Protection Transparent Goggle, Anti-Dust Multipurpose Safety glasses for biking, const...",Safety Supplies,https:m.media-amazon.comimagesI41ykqQBle-L._AC_UL320_.jpg,https:www.amazon.inProtection-Transparent-Multipurpose-construction-protectiondpB09GW389M3ref=sr_1_8797?qid=1679222933s=industrialsr=1-8797,2.9,13,190,300
ACME men's Storm Leather Black Safety Shoes - 9,Safety Supplies,https:m.media-amazon.comimagesWIMAGERENDERING_521856-T1imagesI61i8Z6BkMtL._AC_UL320_.jpg,https:www.amazon.inACME-Storm-Leather-Safety-ShoesdpB07JFTLP1Lref=sr_1_8863?qid=1679222935s=industrialsr=1-8863,4,514,"1,380","1,609"
Safewell mens Gravel Safety Shoes Construction Shoe,Safety Supplies,https:m.media-amazon.comimagesWIMAGERENDERING_521856-T1imagesI61zvExSVXiL._AC_UL320_.jpg,https:www.amazon.inSafewell-Synthetic-Artificial-Printed-ThicknessdpB0B5V9343Qref=sr_1_8866?qid=1679222935s=industrialsr=1-8866,2.9,16,,599
"Norwin Metro Black Double Density, Puncture and Tear Resistant, Anti-Slip Unisex Adults Safety Gumboot - 9.5 UK (13 Inch)",Safety Supplies,https:m.media-amazon.comimagesWIMAGERENDERING_521856-T1imagesI51c6ePZE4mL._AC_UL320_.jpg,https:www.amazon.inDensity-Puncture-Resistant-Anti-Slip-GumbootdpB08CR5ZS5Qref=sr_1_8878?qid=1679222935s=industrialsr=1-8878,3.9,472,672,"1,559"
AM SAFE-X delivering the best Unisex Reusable Gloves for household industrial safety work White (Pack Of 6 pcs),Safety Supplies,https:m.media-amazon.comimagesI21FQu+cExTS._AC_UL320_.jpg,https:www.amazon.inAM-SAFE-X-Cotton-Knitted-GlovesdpB0838FDZQSref=sr_1_9431?qid=1679222944s=industrialsr=1-9431,3.7,82,189,699
Lapster 1.5 mtr USB 2.0 Type A Male to USB A Male Cable for computer and laptop,Cables,https:m.media-amazon.comimagesI5190uz4tnkL._AC_UL320_.jpg,https:www.amazon.inLapster-Type-Cable-computer-laptopdpB0994GFWBHref=sr_1_176?qid=1679222813s=industrialsr=1-176,4,"1,540",139,999
"boAt LTG 650 Type C to Lightning Apple MFi Certified Cable with Spaceship Grade Aluminum Housing,3A Power Delivery Fast Ch...",Cables,https:m.media-amazon.comimagesI51uIQiF4BaL._AC_UL320_.jpg,https:www.amazon.inboAt-Lightning-Certified-Spaceship-MercurialdpB09FY2BSZ9ref=sr_1_186?qid=1679222813s=industrialsr=1-186,4.1,548,849,"1,990"
Lapster USB 3.0 A to Micro B SuperSpeed for hard disk cable - short cable,Cables,https:m.media-amazon.comimagesI51ItC042x9L._AC_UL320_.jpg,https:www.amazon.inLapster-Micro-SuperSpeed-hard-cabledpB09VT6JKRPref=sr_1_189?qid=1679222813s=industrialsr=1-189,4.2,545,,999
Electronic Spices 9Watt DC 12V Solar SMD Lamp with 35 energy saving Crystal White Lamp Light Bulbs,Cables,https:m.media-amazon.comimagesI51W8-7-g58S._AC_UL320_.jpg,https:www.amazon.inElectronic-Spices-energy-saving-CrystaldpB097YQ7DJZref=sr_1_992?qid=1679222823s=industrialsr=1-992,3.7,65,,200
"Immech Rpi Shop Polyolefin Heat Shrink Tube, Insulated Wire Cable Sleeving Wrap, 7 Different Cut Size Without Box - Multic...",Cables,https:m.media-amazon.comimagesI515XJ+Ecn1L._AC_UL320_.jpg,https:www.amazon.inRpi-shop-Polyolefin-Insulated-MulticolourdpB08VGMLPRZref=sr_1_993?qid=1679222823s=industrialsr=1-993,3.7,"1,664",,300
"Amazon Basics 6-Feet VGA to VGA Cable for Monitor, Personal Computer (Black)",Cables,https:m.media-amazon.comimagesI71BbZBlZfQL._AC_UL320_.jpg,https:www.amazon.inAmazonBasics-6-Feet-VGA-CabledpB00PML35RCref=sr_1_1006?qid=1679222823s=industrialsr=1-1006,4.4,"10,312",,"1,295"
iVoltaa Ethernet Cable CAT6A Cable Dual Shielded (SFUTP) Professional Series - 10GigabitSec LAN NetworkHigh Speed Inter...,Cables,https:m.media-amazon.comimagesWIMAGERENDERING_521856-T1imagesI71o+-gBebQL._AC_UL320_.jpg,https:www.amazon.iniVoltaa-Ethernet-Cable-Shielded-ProfessionaldpB07RJYC1KBref=sr_1_1207?qid=1679222827s=industrialsr=1-1207,4.5,"2,413",,"1,399"
"10W to 65W Type-C USB Cable for Realme 7 Pro USB Cable Original Charger Cable  Quick, Dash, Warp, Dart, Flash, Turbo, Sup...",Cables,https:m.media-amazon.comimagesWIMAGERENDERING_521856-T1imagesI419DnuP4bHL._AC_UL320_.jpg,https:www.amazon.inType-C-Realme-Original-Charger-ChargingdpB0BPPH55HCref=sr_1_1209?qid=1679222827s=industrialsr=1-1209,3.7,38,,999
Electronic Spices (7 in 1 ) 25watt Soldring Iron Starter Kit  Paste  Desolder Wire  Soldring Stand  Solder wire  cutt...,Cables,https:m.media-amazon.comimagesWIMAGERENDERING_521856-T1imagesI71BLDgGx56L._AC_UL320_.jpg,https:www.amazon.inSoldring-Starter-Desolder-electronic-projectsdpB08PZCNW8Fref=sr_1_1212?qid=1679222827s=industrialsr=1-1212,3.4,126,,299
"Amazon Brand - Solimo Fast Charging Braided Micro USB Data Cable, Suitable For All Supported Mobile Phones (2 Meter, Black)",Cables,https:m.media-amazon.comimagesWIMAGERENDERING_521856-T1imagesI71Ilho9qXEL._AC_UL320_.jpg,https:www.amazon.inAmazon-Brand-Charging-Suitable-SupporteddpB09SB594HBref=sr_1_1218?qid=1679222827s=industrialsr=1-1218,4.1,600,,109
"Electronic Spices DC 3-9V Double Side Mini Water Pump, 1M Pipe, Battery Holder, Switch, Starter Kit for DIY Electronic Pro...",Cables,https:m.media-amazon.comimagesWIMAGERENDERING_521856-T1imagesI61-btHx4U7L._AC_UL320_.jpg,https:www.amazon.inElectronicspices-Battery-Starter-Electronic-ProjectsdpB08WRWMCFFref=sr_1_1347?qid=1679222829s=industrialsr=1-1347,3.5,164,,200
Time Office Replacement Cable for Morpho MSO 1300 ee2e3 Scanner (Type C) - Black,Cables,https:m.media-amazon.comimagesWIMAGERENDERING_521856-T1imagesI41EsW8Ab0vL._AC_UL320_.jpg,https:www.amazon.inTime-Office-Replacement-Morpho-ScannerdpB0B4FVTVXXref=sr_1_1349?qid=1679222829s=industrialsr=1-1349,3.8,146,,499
"Boat Micro USB 550 Stress Resistant, Tangle-Free, Sturdy Cable with 3A Fast Charging  480Mbps Data Transmission, 10000 B...",Cables,https:m.media-amazon.comimagesWIMAGERENDERING_521856-T1imagesI617Ut+hnsiL._AC_UL320_.jpg,https:www.amazon.inboAt-Micro-USB-550-TransmissiondpB08V52VB5Lref=sr_1_1357?qid=1679222829s=industrialsr=1-1357,4.1,"1,903",,999
"Belkin USB C to USB C Fast Charging Type C Cable Tough Unbreakable Braided Nylon Material, 60W PD, 3.3 feet (1 Meter) for ...",Cables,https:m.media-amazon.comimagesWIMAGERENDERING_521856-T1imagesI417E7eqrfgL._AC_UL320_.jpg,https:www.amazon.inBelkin-Boost-Charge-Braided-USB-CdpB085YBJT9Rref=sr_1_1361?qid=1679222829s=industrialsr=1-1361,4.5,540,,999
"HDMI Extender,HDMI to RJ45 Network Cable Extender Converter Repeater Over cat 5e  6 1080p up to 30m Extender for HDTV PS4...",Cables,https:m.media-amazon.comimagesWIMAGERENDERING_521856-T1imagesI618ZHKKAluL._AC_UL320_.jpg,https:www.amazon.inExtender-Network-Cable-Converter-RepeaterdpB08DN62142ref=sr_1_1364?qid=1679222829s=industrialsr=1-1364,3.8,381,,599
"Bosch GCO 220 Corded Electric Metal Cut Off  Chop Saw, 2,200W, 3,800 rpm, Robust Base, 355 mm Cutting disc dia., 15 kg  ...",Cables,https:m.media-amazon.comimagesWIMAGERENDERING_521856-T1imagesI81C0wrCFdDL._AC_UL320_.jpg,https:www.amazon.inBosch-0601B373F0-GCO220-2200-Watt-14-inch-MachinedpB07D4MBZ12ref=sr_1_1394?qid=1679222831s=industrialsr=1-1394,4.4,"1,025",,"16,300"
"Portronics Konnect CL 20W POR-1067 Type-C to 8 Pin USB 1.2M Cable With Power Delivery  3A Quick Charge Support, Nylon Bra...",Cables,https:m.media-amazon.comimagesWIMAGERENDERING_521856-T1imagesI519IjqKOXiL._AC_UL320_.jpg,https:www.amazon.inPortronics-Konnect-Delivery-Support-BraideddpB085DTN6R2ref=sr_1_1399?qid=1679222831s=industrialsr=1-1399,4.2,"2,485",,
"Zoul Nylon Braided USB to Lightning Short Data Sync  Fast Charging Power Bank Cable for iPhones, iPad Air, iPad Mini, iPo...",Cables,https:m.media-amazon.comimagesWIMAGERENDERING_521856-T1imagesI61jx5GD1kxL._AC_UL320_.jpg,https:www.amazon.inNylon-Braided-Short-Charging-iPhonesdpB08QSFQDHWref=sr_1_1401?qid=1679222831s=industrialsr=1-1401,4.2,"2,455",349,"1,099"
Goldmedal Curve Plus 205132 Plastic 16A G-Expert 3-Pin 3.5m High Grade Cable Extension Cord (White and Red),Cables,https:m.media-amazon.comimagesWIMAGERENDERING_521856-T1imagesI61upU2GNqhL._AC_UL320_.jpg,https:www.amazon.inGoldmedal-Curve-205132-Plastic-ExtensiondpB011IC89MYref=sr_1_1402?qid=1679222831s=industrialsr=1-1402,4.2,949,765,"1,267"
Sounce 100W  6A Speed Fast Charging USB 3.0 Cable 4 Ft  1.2m to 3-in-1 Long Charging Cord with Type C  Micro USB  Ligh...,Cables,https:m.media-amazon.comimagesWIMAGERENDERING_521856-T1imagesI51-m48Cf2wL._AC_UL320_.jpg,https:www.amazon.inSounce-Lightning-Connector-Universal-SmartphonesdpB0BSV6P2HHref=sr_1_1404?qid=1679222831s=industrialsr=1-1404,4.8,13,299,999
Electronic spices 15watt Soldering iron With RCA jack Micro Pen type (12V DC),Cables,https:m.media-amazon.comimagesWIMAGERENDERING_521856-T1imagesI61rIaQvJMUS._AC_UL320_.jpg,https:www.amazon.inElectronic-spices-15watt-Soldering-MicrodpB0974MGNKRref=sr_1_1410?qid=1679222831s=industrialsr=1-1410,3.4,67,96,199
"Electronic Spices combo of (10m red and 10m black) electric wire Model Building Tools for Science Projects Working Models,...",Cables,https:m.media-amazon.comimagesI21HRwYfNlML._AC_UL320_.jpg,https:www.amazon.inelectric-Building-Science-Projects-ExperimentdpB07MD617FFref=sr_1_1945?qid=1679222838s=industrialsr=1-1945,3.3,246,89,149
AMPEREUS 250 Volts Float Switch Sensor for Water Level Controller with 3 Meter Wire: Select NONC 3 Meters Cable Length(1 ...,Cables,https:m.media-amazon.comimagesI41nWW7KbbNL._AC_UL320_.jpg,https:www.amazon.inAMPEREUS-Volts-Switch-Sensor-ControllerdpB09HV2N63Zref=sr_1_1952?qid=1679222838s=industrialsr=1-1952,3.7,140,399,"2,999"
"Cablecreation USB C to HDMI Cable for Home Office 6Feet, USB Type C to HDMI 4K30Hz, Thunderbolt 34 Compatible With Galax...",Cables,https:m.media-amazon.comimagesI51TcQuInuzL._AC_UL320_.jpg,https:www.amazon.inUSB-C-CableCreation-Thunderbolt-compatible-CabledpB06XDMKQKJref=sr_1_1960?qid=1679222838s=industrialsr=1-1960,3.9,"13,300","1,528","2,699"
Mistique Mistronics Spiral Charger Cable Protector Data Cable Saver Charging Cords Protective for All Universal Earphone ...,Cables,https:m.media-amazon.comimagesI51lcc2jjqiL._AC_UL320_.jpg,https:www.amazon.inMistronics-Protector-Charging-Protective-UniversaldpB09CLCY2Y8ref=sr_1_1961?qid=1679222838s=industrialsr=1-1961,4.1,178,99,399
Amazon Basics USB 3.0 A-Male to B-Male Cable For Personal Computer - 9 Feet (2.7 Meters) (Black),Cables,https:m.media-amazon.comimagesI71tqpwMZ7TL._AC_UL320_.jpg,https:www.amazon.inAmazonBasics-USB-Male-B-Male-CabledpB00I83XF76ref=sr_1_1967?qid=1679222838s=industrialsr=1-1967,4.4,"12,893",259,900
"NewYouth 560 Piece Color environmental protection heat shrinkable tube 2:1, Waterproof and Insulated Electrical Wire Heat ...",Cables,https:m.media-amazon.comimagesI717z7zTyYNL._AC_UL320_.jpg,https:www.amazon.inNewYouth-Piece-environmental-protection-shrinkabledpB09PCZ9HTYref=sr_1_2283?qid=1679222842s=industrialsr=1-2283,3.9,37,499,999
"AILKIN USB C to Lightning Apple Certified (Mfi) Sync  Charge Cable for Apple iPhone 1414 Mini 14 Pro  14 Pro Max, Fast...",Cables,https:m.media-amazon.comimagesI41dqcijaKsL._AC_UL320_.jpg,https:www.amazon.inAILKIN-USB-Lightning-Certified-CabledpB0BWTYN4RXref=sr_1_2296?qid=1679222842s=industrialsr=1-2296,4.6,607,"1,459","2,999"
Electronic Spices Single Channel 5v Relay Module with Isolation High Low Level Trigger (1 pcs),Cables,https:m.media-amazon.comimagesI71ExCg8dsdL._AC_UL320_.jpg,https:www.amazon.inChannel-Module-Switch-Isolation-TriggerdpB08242LQ68ref=sr_1_2299?qid=1679222842s=industrialsr=1-2299,4,166,148,150
"Parandiv Branded Short Length 2.4A Faster Charging 0.25M with Data Sync Power Bank Lightning Cable For iPhones,iPad Air,iP...",Cables,https:m.media-amazon.comimagesI51jn2fPGDHL._AC_UL320_.jpg,https:www.amazon.inParandiv-Power-Bank-Lightning-CabledpB0BR5YZGHKref=sr_1_2410?qid=1679222845s=industrialsr=1-2410,3.7,15,179,229
Apple USB-C to USB-C Charge Cable (1m) (No Lightning Connector),Cables,https:m.media-amazon.comimagesI41fJTSKPjIL._AC_UL320_.jpg,https:www.amazon.inApple-USB-C-Charge-Cable-1mdpB099C4CJZXref=sr_1_2413?qid=1679222845s=industrialsr=1-2413,3.7,506,,"1,900"
"LS LAPSTER Quality Assured Male to Male VGA Cable 1.5 Meter, Support MonitorPCLCDLED, Plasma, Projector, TFT (LST-VGACB...",Cables,https:m.media-amazon.comimagesWIMAGERENDERING_521856-T1imagesI61Vvfbrp1gL._AC_UL320_.jpg,https:www.amazon.inLS-LAPSTER-Quality-Assured-LST-VGACBLE-1-5MdpB08Z45SCH9ref=sr_1_2573?qid=1679222848s=industrialsr=1-2573,3.5,192,169,999
Electronic Spices Combo Of W1209 12V DC Digital Temperature Controller Board 12v 2Amp Adapter  3inch fan For Diy Incubator,Cables,https:m.media-amazon.comimagesWIMAGERENDERING_521856-T1imagesI81S3SiXuzFL._AC_UL320_.jpg,https:www.amazon.inElectronicspices-Combo-W1209-Adapter-IncubatordpB08JCSZP82ref=sr_1_2579?qid=1679222848s=industrialsr=1-2579,3.7,"1,171",486,769
Sichumaria Mini Electric Drill Chuck 0.3-4mm Portable Handheld Micro Motor Drill Clamp Drill Chuck for Motor Shaft Lathes ...,Cables,https:m.media-amazon.comimagesWIMAGERENDERING_521856-T1imagesI51-N1CWlb5L._AC_UL320_.jpg,https:www.amazon.inSichumaria-Electric-0-3-4mm-Portable-HandhelddpB09WXTTY9Tref=sr_1_2584?qid=1679222848s=industrialsr=1-2584,3,25,488,999
"Amazon Basics 10-Feet VGA to VGA Cable For Monitor, Personal Computer (Black)",Cables,https:m.media-amazon.comimagesWIMAGERENDERING_521856-T1imagesI81FjiW0S-dL._AC_UL320_.jpg,https:www.amazon.inAmazonBasics-10-Feet-VGA-CabledpB00PML3AN6ref=sr_1_2588?qid=1679222848s=industrialsr=1-2588,4.3,"7,027",519,"1,195"
Electronic spices HC-SR501 Pyroelectric Infrared PIR Motion Sensor Modules for Microcontrollers,Cables,https:m.media-amazon.comimagesI51-liqYKY4L._AC_UL320_.jpg,https:www.amazon.inElectronicspices-HC-SR501-Pyroelectric-Infrared-MicrocontrollersdpB08H2C581Sref=sr_1_2900?qid=1679222852s=industrialsr=1-2900,3.7,127,160,200
"Amazon Basics DV-I to VGA Cable for Monitor, Personal Computer, Television - 3-Foot (Black)",Cables,https:m.media-amazon.comimagesI81AVIaqUviL._AC_UL320_.jpg,https:www.amazon.inAmazonBasics-DV-I-VGA-Cable-3-FootdpB074DMCTMQref=sr_1_2901?qid=1679222852s=industrialsr=1-2901,4,"4,108",249,800
"JGD PRODUCTS 1.5 mtr USB 2.0 Type A Male to USB A Male Cable for Computer and Laptop, etc",Cables,https:m.media-amazon.comimagesI61Zxep1LuzL._AC_UL320_.jpg,https:www.amazon.inJGD-PRODUCTS-Cable-Computer-LaptopdpB0BSRTBKBBref=sr_1_3008?qid=1679222854s=industrialsr=1-3008,5,4,141,159
Electronic Spices High Voltage Transformer DC 3V to 400kV 400000 Boost Step-up Power Module High-Voltage Generator,Cables,https:m.media-amazon.comimagesI51fOIPaVEiL._AC_UL320_.jpg,https:www.amazon.inElectronic-Spices-Transformer-High-Voltage-GeneratordpB09VBRWXR1ref=sr_1_3009?qid=1679222854s=industrialsr=1-3009,3.5,24,331,"1,000"
Zinq Technologies USB Type C to USB Type A 2.0 Cable for Smartphone (Silver),Cables,https:m.media-amazon.comimagesI51Puauc4ykL._AC_UL320_.jpg,https:www.amazon.inZinq-Technologies-Type-C-USB-CabledpB07ZJBB1GZref=sr_1_3013?qid=1679222854s=industrialsr=1-3013,3.7,"15,622",98.05,251.35
Electronicspices 25W Soldering Iron For Home Use  Small Repairing Work For Electronics,Cables,https:m.media-amazon.comimagesI316uNJj+FKL._AC_UL320_.jpg,https:www.amazon.inSoldering-Iron-Small-Repairing-ElectronicsdpB07MTHGG13ref=sr_1_4404?qid=1679222873s=industrialsr=1-4404,3.3,328,178,250
Verilux Type C to Type C Cable 100W 10Ft3m Fast Charging USB C Cable USB 3.1 Gen 2 10Gbps Data Transfer Supports 4K HD V...,Cables,https:m.media-amazon.comimagesI51D6BTNrm5L._AC_UL320_.jpg,https:www.amazon.inVeriluxC2AE-Charging-Transfer-Thunderbolt-CompatibledpB0B7S1K1SHref=sr_1_4407?qid=1679222873s=industrialsr=1-4407,3.5,11,"1,199","1,319"
Cable Protector  1.5 Meter 150 Cms Charging Cable Protector Winder  Full Size Spiral Triple Color Cable Saver Compatibl...,Cables,https:m.media-amazon.comimagesWIMAGERENDERING_521856-T1imagesI51M3iTYwKFL._AC_UL320_.jpg,https:www.amazon.inProtector-Charging-Compatible-Android-EarphonedpB09TFP99NXref=sr_1_5621?qid=1679222886s=industrialsr=1-5621,4,61,99,499
"ikis USB Cable 2.0 for Morpho MSO-1300 E, E2, E3 Biometric Finger Print Scanner, Cable -(1.8 Meter) -Not Working in Mantra",Cables,https:m.media-amazon.comimagesWIMAGERENDERING_521856-T1imagesI61lqmFUnWCL._AC_UL320_.jpg,https:www.amazon.inikis-MSO-1300-Biometric-Scanner-WorkingdpB09NTXRPFFref=sr_1_5625?qid=1679222886s=industrialsr=1-5625,3.6,13,135,325
Mobcure™ Fast Charging Data Cable for Oppo A15,Cables,https:m.media-amazon.comimagesWIMAGERENDERING_521856-T1imagesI31usJzAdJfL._AC_UL320_.jpg,https:www.amazon.inMobcureTM-Fast-Charging-Data-CabledpB08P8VZSPLref=sr_1_5637?qid=1679222886s=industrialsr=1-5637,4.5,2,179,599
"Amazon Brand - Solimo Fast Charging Braided Type C Data Cable, Suitable For Upto 65W Fast Charge For All Supported Mobile ...",Cables,https:m.media-amazon.comimagesI71VlI22rgmL._AC_UL320_.jpg,https:www.amazon.inAmazon-Brand-Solimo-Charging-Suitable-SupporteddpB09S9ZTNR5ref=sr_1_5668?qid=1679222888s=industrialsr=1-5668,3.8,191,149,199
S Type C to C Usb Cable for Google Pixel 6 Pro USB Cable Original Like  Data Sync Cable  Rapid Quick Dash Fast Charging ...,Cables,https:m.media-amazon.comimagesI51xB-eSv7-L._AC_UL320_.jpg,https:www.amazon.inGoogle-Pixel-Pro-Original-ChargingdpB0B8NC9JXDref=sr_1_5672?qid=1679222888s=industrialsr=1-5672,5,2,299,999
"KEEAN ARC Welding Euro Style Electrode Holder  Heavy Duty Earthing Clamp, Combo, 400 AMP, Without cable wire",Cables,https:m.media-amazon.comimagesI71sjn7diAYL._AC_UL320_.jpg,https:www.amazon.inKEEAN-Welding-Electrode-Earthing-WithoutdpB09BJHR6LXref=sr_1_5674_mod_primary_new?qid=1679222888s=industrialsbo=RZvfv2F2FHxDF2BO5021pAnSA3D3Dsr=1-5674,4.4,55,520,899
USB Type C Cable for Samsung Galaxy Note20 Ultra 5G Original USB Type C to USB A Male Cable Best Tangle Free Heavy Duty Hi...,Cables,https:m.media-amazon.comimagesI31B793OTeWL._AC_UL320_.jpg,https:www.amazon.inSamsung-Galaxy-Note20-Original-TangledpB09965JVVPref=sr_1_5675?qid=1679222888s=industrialsr=1-5675,3.3,3,199,699
MICROWARE VGA Male  Audio to HDMI Female Converter Cable VGA  Audio inHDMI Out,Cables,https:m.media-amazon.comimagesI519LnrmjEKL._AC_UL320_.jpg,https:www.amazon.inMicroware-Audio-Female-Converter-CabledpB075WRRVVQref=sr_1_6222?qid=1679222896s=industrialsr=1-6222,3.1,11,549,"2,999"
"FEDUS Cat6 Ethernet Cable, 30 Meter98Feet High Speed 550MHZ  1 Gigabit Speed UTP LAN Cable, Network Cable Internet Cable...",Cables,https:m.media-amazon.comimagesI71QM2n4a1YL._AC_UL320_.jpg,https:www.amazon.inFEDUS-Ethernet-Internet-Computer-CategorydpB08DKY353Kref=sr_1_6238?qid=1679222896s=industrialsr=1-6238,4.4,"3,393",199,"4,499"
"INGCO Angle Grinder, 100mm  750W  12000 RPM Power Grinder, Electric Metal ​Grinder with 1pcs Auxiliary Handle",Cables,https:m.media-amazon.comimagesI61PIaE3lG0L._AC_UL320_.jpg,https:www.amazon.inIngco-Spindle-Industrial-Grinder-AG750282dpB09GPQ8M6Vref=sr_1_6634?qid=1679222902s=industrialsr=1-6634,3.8,36,"1,725","2,062"
D-Link 2 RJ45 CAT6E LAN IO Network Keystone Jack  Gang Box  Dual Port Face Plate (Combo),Cables,https:m.media-amazon.comimagesI711smGG5nJL._AC_UL320_.jpg,https:www.amazon.inD-Link-CAT6E-Network-Keystone-PlatedpB071HF42CXref=sr_1_6641?qid=1679222902s=industrialsr=1-6641,4.2,75,390,999
S P Mini Generator Motor 3v-12v dc Motor Electric Motor - Set of 4 pcs.,Cables,https:m.media-amazon.comimagesI41uKFdn626L._AC_UL320_.jpg,https:www.amazon.inMini-Generator-Motor-3v-12v-ElectricdpB0BPP3JGPFref=sr_1_6646?qid=1679222902s=industrialsr=1-6646,5,1,129,499
"tizum Flat HDMI 1.8 M HDMI Cable - Cable for Television, DVD Player",Cables,https:m.media-amazon.comimagesI517l6NT4kRL._AC_UL320_.jpg,https:www.amazon.inTizum-Flat-1-5M-HDMI-CabledpB01M4GG9J3ref=sr_1_6649?qid=1679222903s=industrialsr=1-6649,4.2,"2,078",199,999
Electronicspices 100pcs - Mini Jumper Short Circuit Cap Connectors,Cables,https:m.media-amazon.comimagesI61LUFd+U+ML._AC_UL320_.jpg,https:www.amazon.inElectronicspices-100pcs-Jumper-Circuit-ConnectorsdpB085XFPSVSref=sr_1_6660?qid=1679222903s=industrialsr=1-6660,4,44,99,470
Themisto Electric Soldering Iron Kit25W Soldering Iron Kit (6 In 1),Cables,https:m.media-amazon.comimagesI61srljYbzDL._AC_UL320_.jpg,https:www.amazon.inThemisto-Electric-25W-Soldering-IrondpB075V8W5Y8ref=sr_1_6667?qid=1679222903s=industrialsr=1-6667,3.9,"2,220",269,449
"INGCO CDLI20012 20V Cordless Drill, 151 0.8-10mm 45NM 2-speed Gear, 0-4000-1500rpm Electric Drill Machine, Drill Machin...",Cables,https:m.media-amazon.comimagesI71vUJPRrPlL._AC_UL320_.jpg,https:www.amazon.inCordless-0-8-10mm-Electric-Lithium-ion-ScrewdriverdpB09XZQZXPVref=sr_1_6671?qid=1679222903s=industrialsr=1-6671,3.9,94,"5,700","11,199"
Taparia CC 08 Steel (210mm) Cable Cutter (Blue),Cables,https:m.media-amazon.comimagesI51AM6X2xayL._AC_UL320_.jpg,https:www.amazon.inTaparia-CC-08-Steel-CutterdpB00QIK3ZKIref=sr_1_7036?qid=1679222909s=industrialsr=1-7036,4.2,277,,439
Generic KG001 HC-SR501 PIR Sensor Pyroelectric Infrared Module,Cables,https:m.media-amazon.comimagesI610giniTocL._AC_UL320_.jpg,https:www.amazon.inGeneric-HC-SR501-Sensor-Pyroelectric-InfrareddpB00VNWWZM0ref=sr_1_7037_mod_primary_new?qid=1679222909s=industrialsbo=RZvfv2F2FHxDF2BO5021pAnSA3D3Dsr=1-7037,3.7,480,126,600
Electronic Spices 5MM RGB LED Diode Lights Tricolor (Multicolor Red Green Blue 4 pin Common Anode Clear DC 20mAColor) Sup...,Cables,https:m.media-amazon.comimagesI613IYDWII2L._AC_UL320_.jpg,https:www.amazon.inTricolor-Multicolor-Lighting-Electronics-ComponentsdpB07Y272H2Fref=sr_1_7044?qid=1679222909s=industrialsr=1-7044,4,24,,199
"SPIN CART USB 3.0 Hard Disk Cable, Type A to Micro B Cable Compatible for WD Western Digital My Passport and Elements Hard...",Cables,https:m.media-amazon.comimagesI31WlXKuECIS._AC_UL320_.jpg,https:www.amazon.inspincart-Seagate-Toshiba-Samsung-ExternaldpB07NGR33BFref=sr_1_7048?qid=1679222909s=industrialsr=1-7048,4.3,37,,399
"4K High-Speed HDMI Cable 15 Meters (45 Feet) For HDTV, LEDLCD TV, PC, Laptop, Home Theater, Projector.",Cables,https:m.media-amazon.comimagesI71eOAxcgEML._AC_UL320_.jpg,https:www.amazon.inHigh-Speed-Meters-Laptop-Theater-ProjectordpB09K41Q9NCref=sr_1_7053?qid=1679222909s=industrialsr=1-7053,,,,"1,700"
DASCOVEN Electric Wire with Plug 2 Pin Plug with Insulated Wire Length of Wire 2 Meters Comes in Pack of 2,Cables,https:m.media-amazon.comimagesI31oJX64OLJL._AC_UL320_.jpg,https:www.amazon.inElectric-Insulated-Length-Meters-ComesdpB09DPXCW7Zref=sr_1_7639?qid=1679222918s=industrialsr=1-7639,4.2,20,,500
"Cablecreation 100W, 6.6Ft Type C 5A Fast Usb C To Usb C Charging Cable, Compatible For Tablet, Laptop, Macbook Pro 16, Ipa...",Cables,https:m.media-amazon.comimagesI61TbL5AyfkL._AC_UL320_.jpg,https:www.amazon.inCableCreation-Charger-Charging-Compatible-MacBookdpB08DSWP5HNref=sr_1_7651?qid=1679222918s=industrialsr=1-7651,4.3,271,,899
HASTHIP  Mini Portable Electric Grinder Machine Set for Bowlder Polishing Mill Cutting Drilling ( Multicolour),Cables,https:m.media-amazon.comimagesI61vKoFl-xqL._AC_UL320_.jpg,https:www.amazon.inHASTHIPC2AE-Electric-Engraving-Portable-PolishingdpB07ZF7NYCSref=sr_1_7993?qid=1679222923s=industrialsr=1-7993,3.5,202,,"2,000"
"FEDUS Cat6 RJ45 Ends, Cat6 Connector, Cat6  Cat5e RJ45 Connector, Ethernet Cable Crimp Connectors UTP Network Plug for So...",Cables,https:m.media-amazon.comimagesI618O++lX5rL._AC_UL320_.jpg,https:www.amazon.inTechnotech-Connector-Network-Crimp-UnshieldeddpB01C8TFA14ref=sr_1_7999?qid=1679222923s=industrialsr=1-7999,3.7,193,,499
"Portronics Konnect HD 8 Pin Cable with 3A Fast Charging, Nylon Braided, Fast Data Sync, Tangle Resistance, 1.2 Meter Compa...",Cables,https:m.media-amazon.comimagesI6104bIzkJWL._AC_UL320_.jpg,https:www.amazon.inPortronics-Konnect-Charging-Resistance-CompatibledpB0BJP5T9VBref=sr_1_8011?qid=1679222923s=industrialsr=1-8011,4,9,,699
Easy Electronics NodeMCU Based 4-Channel Relay Board Micro Controller Board Electronic,Cables,https:m.media-amazon.comimagesI91K8rOsyqyL._AC_UL320_.jpg,https:www.amazon.inElectronics-NodeMCU-4-Channel-Controller-ElectronicdpB08BZQX9RBref=sr_1_8013?qid=1679222923s=industrialsr=1-8013,3.7,84,,999
"S.E.  Dlink CAT 6 Patch Cable Speed Upto 1Gbps for Modem, Personal Computer, Laptop, Router (5 Meter, Grey)",Cables,https:m.media-amazon.comimagesI61INr5LXTgS._AC_UL320_.jpg,https:www.amazon.inDlink-Patch-Cable-Speed-1GbpsdpB08XVLZTY3ref=sr_1_8286?qid=1679222927s=industrialsr=1-8286,4.4,83,,499
Electronic Spices 24-0-24 24v and 0-12 12v 5amp Center Tapped Dual Step Down Transformer,Cables,https:m.media-amazon.comimagesI61YUTpjMZkL._AC_UL320_.jpg,https:www.amazon.inElectronic-Spices-24-0-24-Center-TransformerdpB0BMPYYC54ref=sr_1_8289?qid=1679222927s=industrialsr=1-8289,3.8,4,569,599
250 Volts Float Switch Sensor for Water Level Controller with 3 Meter Wire: Select NONC copper contact 2Meters Cable Leng...,Cables,https:m.media-amazon.comimagesI61CJwGz5-JL._AC_UL320_.jpg,https:www.amazon.inVolts-Float-Switch-Sensor-ControllerdpB0B74QBTRMref=sr_1_8296?qid=1679222927s=industrialsr=1-8296,4.3,9,355,699
"Cable Tie Mounts 100 pcs – White for Home Improvement, Wire Management, Panel, Workshop etc. (19 X 19)",Cables,https:m.media-amazon.comimagesI61QDGCEsqPL._AC_UL320_.jpg,https:www.amazon.inCable-Tie-Mounts-100-pcsdpB08X3QF5LHref=sr_1_8301?qid=1679222927s=industrialsr=1-8301,3.7,11,237.5,256.5
Mobcure™ Fast Charging Data Cable for Oppo A5s,Cables,https:m.media-amazon.comimagesWIMAGERENDERING_521856-T1imagesI31usJzAdJfL._AC_UL320_.jpg,https:www.amazon.inMobcureTM-Fast-Charging-Data-CabledpB08P8Y296Qref=sr_1_8860?qid=1679222935s=industrialsr=1-8860,3.1,24,179,599
"PRUTHVIK (5 Meter  16.40 Feet  500 CM SuperSpeed USB 3.0 Male A to Female A Extension Cable Speed 5GBps for Laptop, TV P...",Cables,https:m.media-amazon.comimagesWIMAGERENDERING_521856-T1imagesI71QXjiCaHxL._AC_UL320_.jpg,https:www.amazon.inPruthvik-SuperSpeed-Extension-Printer-SmartphonedpB09SHJRBX6ref=sr_1_8864?qid=1679222935s=industrialsr=1-8864,3.9,18,498,"4,999"
"Right Plus Type C Cable Fast Charging USB Data, Dash Red, Branded, compatible for Oneplus, Jio Phone, Realme, Redmi, Mi, N...",Cables,https:m.media-amazon.comimagesWIMAGERENDERING_521856-T1imagesI71ez5N0dOrL._AC_UL320_.jpg,https:www.amazon.inRight-Plus-Charging-compatible-PowerbankdpB09BMDJ18Sref=sr_1_8868?qid=1679222935s=industrialsr=1-8868,5,1,150,299
"INGCO Circular Saw, 1400W  4800rpm Electric Saw, Adjustable Cutting DepthBevel Cutting Corded Saw with 185mm Blade for H...",Cables,https:m.media-amazon.comimagesWIMAGERENDERING_521856-T1imagesI71S7LKHpe2L._AC_UL320_.jpg,https:www.amazon.inCircular-Electric-Adjustable-Decoration-WoodworkingdpB09VNZ4QHCref=sr_1_8870?qid=1679222935s=industrialsr=1-8870,3.6,90,"4,000","5,000"
"BlueRigger Ultra Series (Braided-Nylon) 4K HDMI CableHDMI Cord (3 feet  0.9 Meters, HDMI to HDMI, TOP Series) supports (...",Cables,https:m.media-amazon.comimagesI81SEOADG85L._AC_UL320_.jpg,https:www.amazon.inBlueRigger-Braided-Nylon-Meters-supports-EthernetdpB0BPC2RN4Bref=sr_1_9415?qid=1679222944s=industrialsr=1-9415,4.4,"13,896",,"1,864"
"Starke USB-A to Micro-B HDD 3.0 Hard-Disk Cable with 5Gbps Fast Data Sync Transfer Rate, Hard Drive Cord -Black 3 Feet  ...",Cables,https:m.media-amazon.comimagesI71+-q8maxBL._AC_UL320_.jpg,https:www.amazon.inSTARKE-Logo-PowerTrail-Micro-B-ChargingdpB07GB17BRBref=sr_1_9422?qid=1679222944s=industrialsr=1-9422,4.1,49,579,799
Electronic spices PACK OF 10 TTP223 Touch Key Switch Module Touching Button Capacitive Switches Self-LockingNo-Locking Jo...,Cables,https:m.media-amazon.comimagesI613AIoEMdtL._AC_UL320_.jpg,https:www.amazon.inElectronicspices-Touching-Capacitive-Self-Locking-No-LockingdpB08CCVT6GKref=sr_1_9430?qid=1679222944s=industrialsr=1-9430,4.2,158,232,400
Sawkirp Darshraj high Gloss Metal yoyo Pack of 1 Piece Random Selection (1 Piece) Color May Vary,Other Supplies,https:m.media-amazon.comimagesWIMAGERENDERING_521856-T1imagesI61sRnexHyzL._AC_UL320_.jpg,https:www.amazon.inSawkirp-Darshraj-Gloss-Random-SelectiondpB0BD5H55M6ref=sr_1_1211?qid=1679222827s=industrialsr=1-1211,3.7,37,149,999
GPT 5 Inches Sanding Disc with Lock Nut for GrinderDrill with 5 Piece Sandpaper,Other Supplies,https:m.media-amazon.comimagesWIMAGERENDERING_521856-T1imagesI81HLpV8e1ML._AC_UL320_.jpg,https:www.amazon.inGPT-5-inch-Sanding-Sandpaper-GrinderdpB07KRFD1NBref=sr_1_1363_mod_primary_new?qid=1679222829s=industrialsbo=RZvfv2F2FHxDF2BO5021pAnSA3D3Dsr=1-1363,3.8,"1,347",185,299
Orei HD-102 4K HDMI Splitter 1in2 Out - 1 Port to 2 Display DuplicateMirror - Ver 1.4 Certified for Full HD 1080P  3D Su...,Other Supplies,https:m.media-amazon.comimagesI619AO0ON7QL._AC_UL320_.jpg,https:www.amazon.inHD-102-Powered-Splitter-Certified-SupportdpB005HXFARSref=sr_1_2302?qid=1679222842s=industrialsr=1-2302,4,"15,024","1,409","11,710"
"anchor by panasonic 22841 6A 3 Pin Multiplug Adaptor (White  Black, Pack of 3),22841-Pk3",Other Supplies,https:m.media-amazon.comimagesI61zpaeqkSTL._AC_UL320_.jpg,https:www.amazon.inanchor-panasonic-Multiplug-Adaptor-22841-Pk3dpB09FJRDTX5ref=sr_1_2405?qid=1679222845s=industrialsr=1-2405,4.6,127,330,992